Open,High,Low,Close,Volume,Ticker,Count,Sentiment
27.559999465942383,27.600000381469727,27.549999237060547,27.559999465942383,82600.0,FM,1,0.0
27.559999465942383,27.600000381469727,27.549999237060547,27.600000381469727,27700.0,FM,1,0.0
27.579999923706055,27.639999389648438,27.579999923706055,27.59000015258789,38400.0,FM,1,0.0
27.59000015258789,27.6299991607666,27.559999465942383,27.579999923706055,23700.0,FM,1,0.0
27.600000381469727,27.6200008392334,27.579999923706055,27.59000015258789,32900.0,FM,1,0.0
27.559999465942383,27.6200008392334,27.559999465942383,27.56999969482422,33600.0,FM,1,0.0
27.579999923706055,27.639999389648438,27.540000915527344,27.579999923706055,44400.0,FM,1,0.0
27.559999465942383,27.639999389648438,27.559999465942383,27.579999923706055,32900.0,FM,1,0.0
27.59000015258789,27.6299991607666,27.56999969482422,27.600000381469727,27400.0,FM,1,0.0
27.600000381469727,27.639999389648438,27.56999969482422,27.56999969482422,7000.0,FM,1,0.0
27.600000381469727,27.649999618530273,27.56999969482422,27.649999618530273,24900.0,FM,1,0.0
27.6299991607666,27.649999618530273,27.559999465942383,27.649999618530273,38500.0,FM,1,0.0
27.56999969482422,27.65999984741211,27.420000076293945,27.559999465942383,39300.0,FM,1,0.0
27.6200008392334,27.65999984741211,27.59000015258789,27.600000381469727,39400.0,FM,1,0.0
27.610000610351562,27.690000534057617,27.600000381469727,27.670000076293945,37600.0,FM,1,0.0
27.6299991607666,27.65999984741211,27.600000381469727,27.600000381469727,18500.0,FM,1,0.0
27.610000610351562,27.649999618530273,27.5,27.540000915527344,57700.0,FM,1,0.0
27.579999923706055,27.68000030517578,27.579999923706055,27.68000030517578,24000.0,FM,1,0.0
27.639999389648438,27.68000030517578,27.610000610351562,27.68000030517578,71800.0,FM,1,0.0
27.639999389648438,27.68000030517578,27.6299991607666,27.68000030517578,25900.0,FM,1,0.0
27.639999389648438,27.68000030517578,27.639999389648438,27.639999389648438,26100.0,FM,1,0.0
27.6299991607666,27.690000534057617,27.6299991607666,27.690000534057617,50100.0,FM,1,0.0
27.649999618530273,27.700000762939453,27.6200008392334,27.700000762939453,15200.0,FM,1,0.0
27.68000030517578,27.699899673461914,27.649999618530273,27.68000030517578,4213.0,FM,1,0.0
36.25,36.599998474121094,35.650001525878906,36.560001373291016,1564300.0,YOU,1,0.0
36.290000915527344,37.029998779296875,36.119998931884766,36.5,1499000.0,YOU,1,0.0
36.279998779296875,36.415000915527344,35.08000183105469,35.27000045776367,1743700.0,YOU,1,0.0
35.5,36.189998626708984,35.290000915527344,36.02000045776367,1217100.0,YOU,1,0.0
36.5,37.0,35.380001068115234,35.47999954223633,1511400.0,YOU,1,0.0
35.849998474121094,36.5099983215332,35.560001373291016,36.11000061035156,1184700.0,YOU,1,0.0
36.27000045776367,37.0099983215332,36.029998779296875,37.0,1526200.0,YOU,1,0.0
37.0,37.810001373291016,36.7599983215332,37.45000076293945,1727500.0,YOU,1,0.0
37.59000015258789,38.040000915527344,36.720001220703125,36.779998779296875,2142900.0,YOU,1,0.0
36.869998931884766,37.709999084472656,35.72999954223633,36.84000015258789,2312700.0,YOU,1,0.0
36.599998474121094,36.665000915527344,34.43000030517578,34.77000045776367,2904700.0,YOU,1,0.0
34.970001220703125,36.77000045776367,34.8849983215332,36.72999954223633,2171300.0,YOU,1,0.0
38.349998474121094,38.880001068115234,38.02000045776367,38.45000076293945,2595600.0,YOU,1,0.0
31.239999771118164,31.520000457763672,28.360000610351562,28.530000686645508,10239400.0,YOU,1,0.0
28.170000076293945,28.260000228881836,27.25,27.770000457763672,4826200.0,YOU,1,0.0
28.18000030517578,28.25,27.450000762939453,27.850000381469727,2834400.0,YOU,1,0.0
28.0,28.75,27.3799991607666,27.530000686645508,2501900.0,YOU,1,0.0
28.0,28.0,26.299999237060547,26.469999313354492,4521200.0,YOU,1,0.0
26.450000762939453,27.209999084472656,26.42300033569336,26.90999984741211,2441100.0,YOU,1,0.0
26.8700008392334,26.8799991607666,25.719999313354492,26.229999542236328,2755200.0,YOU,1,0.0
26.0,26.100000381469727,25.440000534057617,25.739999771118164,2762600.0,YOU,1,0.0
25.360000610351562,26.530000686645508,25.31999969482422,26.360000610351562,2078500.0,YOU,1,0.0
26.469999313354492,26.81999969482422,26.0,26.790000915527344,1422700.0,YOU,1,0.0
26.739999771118164,26.81999969482422,26.139999389648438,26.350000381469727,489119.0,YOU,1,0.0
37.33000183105469,37.599998474121094,34.29999923706055,34.900001525878906,85800.0,TIL,1,0.0
34.20000076293945,35.08000183105469,32.79999923706055,33.58000183105469,84300.0,TIL,1,0.0
33.58000183105469,34.2400016784668,31.68000030517578,31.809999465942383,59900.0,TIL,1,0.0
32.0,33.82699966430664,30.395000457763672,30.8799991607666,50600.0,TIL,1,0.0
30.0,32.59000015258789,29.950000762939453,31.059999465942383,112200.0,TIL,1,0.0
31.459999084472656,35.79999923706055,31.459999084472656,35.290000915527344,172700.0,TIL,1,0.0
38.0,44.5,33.05500030517578,34.40999984741211,474300.0,TIL,1,0.0
33.75,34.84000015258789,33.75,34.279998779296875,109300.0,TIL,1,0.0
33.84000015258789,34.375,31.610000610351562,31.770000457763672,98400.0,TIL,1,0.0
31.75,32.757999420166016,28.719999313354492,28.780000686645508,106500.0,TIL,1,0.0
28.809999465942383,29.36199951171875,27.270000457763672,27.6299991607666,141000.0,TIL,1,0.0
27.049999237060547,28.190000534057617,26.424999237060547,26.459999084472656,91900.0,TIL,1,0.0
26.350000381469727,26.530000686645508,24.309999465942383,24.799999237060547,106300.0,TIL,1,0.0
24.5,29.975000381469727,24.5,28.440000534057617,230100.0,TIL,1,0.0
29.049999237060547,32.518001556396484,28.350000381469727,30.84000015258789,200300.0,TIL,1,0.0
31.09000015258789,34.987998962402344,30.85099983215332,33.630001068115234,172400.0,TIL,1,0.0
33.70000076293945,36.08000183105469,33.09000015258789,33.380001068115234,166800.0,TIL,1,0.0
37.2400016784668,37.2400016784668,30.676000595092773,31.540000915527344,287400.0,TIL,1,0.0
33.0,33.900001525878906,29.3799991607666,29.440000534057617,191200.0,TIL,1,0.0
28.06999969482422,29.350000381469727,26.34000015258789,26.5,152000.0,TIL,1,0.0
26.5,26.670000076293945,24.5,24.8700008392334,67500.0,TIL,1,0.0
24.93000030517578,26.700000762939453,24.510000228881836,26.200000762939453,77700.0,TIL,1,0.0
25.90999984741211,26.709999084472656,23.06999969482422,23.360000610351562,93300.0,TIL,1,0.0
24.0,24.899999618530273,22.525699615478516,23.90999984741211,72038.0,TIL,1,0.0
44.619998931884766,44.630001068115234,44.25,44.400001525878906,8500.0,IPO,24,-0.041666666666666664
44.279998779296875,44.61000061035156,44.2599983215332,44.61000061035156,9500.0,IPO,24,-0.041666666666666664
44.29999923706055,44.5099983215332,43.58000183105469,43.91999816894531,15000.0,IPO,24,-0.041666666666666664
44.22999954223633,44.459999084472656,44.060001373291016,44.40999984741211,75100.0,IPO,24,-0.041666666666666664
44.68000030517578,44.86000061035156,44.41999816894531,44.41999816894531,12600.0,IPO,24,-0.041666666666666664
44.7599983215332,45.22999954223633,44.7599983215332,45.13999938964844,11900.0,IPO,24,-0.041666666666666664
45.06999969482422,45.439998626708984,45.04999923706055,45.349998474121094,6900.0,IPO,24,-0.041666666666666664
45.2400016784668,45.540000915527344,45.2400016784668,45.369998931884766,34800.0,IPO,24,-0.041666666666666664
45.209999084472656,45.2599983215332,44.7400016784668,44.7400016784668,67100.0,IPO,24,-0.041666666666666664
45.09000015258789,45.189998626708984,44.5099983215332,44.56999969482422,20600.0,IPO,24,-0.041666666666666664
44.59000015258789,44.900001525878906,44.279998779296875,44.33000183105469,37300.0,IPO,24,-0.041666666666666664
44.70000076293945,45.150001525878906,44.70000076293945,45.150001525878906,12300.0,IPO,24,-0.041666666666666664
45.45000076293945,46.0,44.970001220703125,45.959999084472656,30300.0,IPO,24,-0.041666666666666664
45.84000015258789,46.529998779296875,45.75,46.310001373291016,20200.0,IPO,24,-0.041666666666666664
46.0099983215332,46.40999984741211,45.810001373291016,46.40999984741211,26100.0,IPO,24,-0.041666666666666664
46.7400016784668,46.900001525878906,46.400001525878906,46.720001220703125,16400.0,IPO,24,-0.041666666666666664
46.650001525878906,46.70000076293945,45.939998626708984,46.290000915527344,17100.0,IPO,24,-0.041666666666666664
47.029998779296875,47.43000030517578,46.150001525878906,46.150001525878906,41100.0,IPO,24,-0.041666666666666664
45.84000015258789,45.84000015258789,45.16999816894531,45.290000915527344,14800.0,IPO,24,-0.041666666666666664
45.0099983215332,45.040000915527344,43.9900016784668,44.310001373291016,186200.0,IPO,24,-0.041666666666666664
44.22999954223633,44.599998474121094,44.02000045776367,44.29999923706055,64700.0,IPO,24,-0.041666666666666664
43.91999816894531,44.7599983215332,43.869998931884766,44.70000076293945,108000.0,IPO,24,-0.041666666666666664
44.709999084472656,44.779998779296875,44.27000045776367,44.650001525878906,123600.0,IPO,24,-0.041666666666666664
45.060001373291016,45.4099006652832,44.89509963989258,45.3745002746582,21295.0,IPO,24,-0.041666666666666664
138.35000610351562,138.80999755859375,136.22000122070312,136.75999450683594,975900.0,A,5,0.2
134.69000244140625,134.75,131.97999572753906,133.4600067138672,1822700.0,A,5,0.2
133.27000427246094,134.3000030517578,131.36000061035156,133.02999877929688,1657500.0,A,5,0.2
133.13999938964844,133.30999755859375,130.69000244140625,130.69000244140625,1830100.0,A,5,0.2
131.17999267578125,131.7100067138672,129.35000610351562,130.19000244140625,1248500.0,A,5,0.2
131.75,132.22999572753906,130.33999633789062,131.5399932861328,1739800.0,A,5,0.2
131.13999938964844,132.2899932861328,130.55999755859375,131.22999572753906,941500.0,A,5,0.2
131.66000366210938,134.11000061035156,131.13999938964844,131.49000549316406,1550500.0,A,5,0.2
130.6699981689453,131.44000244140625,129.86000061035156,130.30999755859375,1596000.0,A,5,0.2
139.13999938964844,140.97000122070312,135.27000427246094,136.8699951171875,2077700.0,A,5,0.2
137.32000732421875,140.63999938964844,136.91000366210938,139.64999389648438,1795400.0,A,5,0.2
138.17999267578125,140.7899932861328,137.24000549316406,140.41000366210938,1240500.0,A,5,0.2
143.0,143.07000732421875,137.0399932861328,137.77999877929688,2528900.0,A,5,0.2
138.7899932861328,140.07000732421875,137.57000732421875,139.6300048828125,2182800.0,A,5,0.2
137.6699981689453,138.6699981689453,134.94000244140625,136.67999267578125,1918600.0,A,5,0.2
137.07000732421875,137.4600067138672,133.1999969482422,133.86000061035156,5405500.0,A,5,0.2
133.86000061035156,136.0399932861328,133.63999938964844,133.6699981689453,1490800.0,A,5,0.2
133.25999450683594,134.8699951171875,132.19000244140625,134.27999877929688,1103100.0,A,5,0.2
133.69000244140625,134.35000610351562,130.16000366210938,130.22000122070312,1971100.0,A,5,0.2
129.47000122070312,129.7100067138672,125.81999969482422,127.06999969482422,2631100.0,A,5,0.2
126.91999816894531,128.08999633789062,126.01000213623047,126.91999816894531,1445000.0,A,5,0.2
125.77999877929688,127.12000274658203,125.12000274658203,125.69000244140625,1838200.0,A,5,0.2
125.31999969482422,128.7100067138672,124.88999938964844,128.57000732421875,1696000.0,A,5,0.2
129.7100067138672,131.7899932861328,129.05999755859375,131.15499877929688,607093.0,A,5,0.2
8.197431727349105,8.227277429701203,8.177535541195319,8.207380294799805,41000.0,SBI,1,0.0
8.197431564331055,8.21732869883677,8.167586811320076,8.197431564331055,65000.0,SBI,1,0.0
8.197431692800032,8.197431692800032,8.068103162728846,8.088000297546387,91600.0,SBI,1,0.0
8.109999656677246,8.109999656677246,8.050000190734863,8.0600004196167,34100.0,SBI,1,0.0
8.069999694824219,8.09000015258789,8.010000228881836,8.020000457763672,31500.0,SBI,1,0.0
8.0600004196167,8.069999694824219,8.010000228881836,8.020000457763672,37800.0,SBI,1,0.0
8.010000228881836,8.029999732971191,7.940000057220459,7.949999809265137,56800.0,SBI,1,0.0
7.980000019073486,8.0,7.96999979019165,7.989999771118164,21200.0,SBI,1,0.0
8.0,8.039999961853027,7.989999771118164,8.029999732971191,24500.0,SBI,1,0.0
8.0600004196167,8.069999694824219,8.0,8.010000228881836,54900.0,SBI,1,0.0
8.050000190734863,8.050000190734863,7.980000019073486,8.0,42600.0,SBI,1,0.0
8.010000228881836,8.0600004196167,8.010000228881836,8.039999961853027,45900.0,SBI,1,0.0
8.039999961853027,8.069999694824219,8.0,8.0,149900.0,SBI,1,0.0
8.029999732971191,8.119999885559082,8.029999732971191,8.119999885559082,61300.0,SBI,1,0.0
8.100000381469727,8.130000114440918,8.050000190734863,8.100000381469727,89100.0,SBI,1,0.0
8.130000114440918,8.130000114440918,8.100000381469727,8.100000381469727,22600.0,SBI,1,0.0
8.100000381469727,8.109999656677246,8.010000228881836,8.020000457763672,22800.0,SBI,1,0.0
8.050000190734863,8.0600004196167,8.039999961853027,8.0600004196167,16300.0,SBI,1,0.0
8.09000015258789,8.100000381469727,8.0600004196167,8.100000381469727,30500.0,SBI,1,0.0
8.109999656677246,8.109999656677246,8.069999694824219,8.09000015258789,25500.0,SBI,1,0.0
8.109999656677246,8.109999656677246,8.0600004196167,8.079999923706055,10800.0,SBI,1,0.0
8.109999656677246,8.109999656677246,8.0600004196167,8.09000015258789,27400.0,SBI,1,0.0
8.09000015258789,8.09000015258789,8.050000190734863,8.069999694824219,21400.0,SBI,1,0.0
8.020000457763672,8.0600004196167,8.016200065612793,8.029199600219727,26018.0,SBI,1,0.0
119.42578216303156,119.74327167847812,116.95530906486752,117.3521728515625,7469100.0,MS,1,0.0
116.72711846617008,117.6795870204183,116.33025467617985,117.39186096191406,4429600.0,MS,1,0.0
116.96523274116035,117.80856355692023,116.28064289835018,117.3521728515625,5661600.0,MS,1,0.0
117.4712347971996,118.40385599523096,117.0148440897487,118.23519134521484,5611800.0,MS,1,0.0
119.05867838752664,119.05867838752664,115.41746895686605,115.96315002441406,7271700.0,MS,1,0.0
117.19343144982011,118.74119188576569,116.58821588047275,118.19550323486328,5994000.0,MS,1,0.0
117.95738643303535,119.14797020348654,117.88793583925148,118.36417388916016,4622200.0,MS,1,0.0
117.67958495365878,118.38401457298488,116.86601760476341,116.9949951171875,5673000.0,MS,1,0.0
117.12999725341797,117.91000366210938,115.69999694824219,116.25,5374600.0,MS,1,0.0
116.66999816894531,118.0199966430664,116.30000305175781,116.8499984741211,4372100.0,MS,1,0.0
117.01000213623047,117.44999694824219,115.94000244140625,116.13999938964844,4366300.0,MS,1,0.0
116.08999633789062,117.9000015258789,116.08999633789062,117.80999755859375,4798400.0,MS,1,0.0
129.50999450683594,133.52000427246094,127.66000366210938,131.49000549316406,22798700.0,MS,1,0.0
130.74000549316406,131.5500030517578,128.0800018310547,128.44000244140625,7780000.0,MS,1,0.0
128.97999572753906,130.52000427246094,127.76000213623047,129.52999877929688,6979300.0,MS,1,0.0
130.5500030517578,133.99000549316406,130.5500030517578,133.52000427246094,6861300.0,MS,1,0.0
133.19000244140625,133.82000732421875,131.7100067138672,132.30999755859375,5683300.0,MS,1,0.0
133.4600067138672,134.64999389648438,132.47000122070312,132.75999450683594,6134800.0,MS,1,0.0
133.10000610351562,134.91000366210938,131.97999572753906,132.42999267578125,7344200.0,MS,1,0.0
133.3699951171875,134.39999389648438,132.5399932861328,134.05999755859375,7281900.0,MS,1,0.0
134.69000244140625,135.50999450683594,133.4199981689453,133.77999877929688,6434100.0,MS,1,0.0
133.25999450683594,134.08999633789062,131.92999267578125,132.24000549316406,7244800.0,MS,1,0.0
133.16000366210938,133.64999389648438,131.0500030517578,131.69000244140625,5124800.0,MS,1,0.0
133.1999969482422,135.0800018310547,133.13999938964844,135.0050048828125,1711865.0,MS,1,0.0
81.66000366210938,82.01000213623047,80.95999908447266,81.06999969482422,441800.0,L,2,0.0
80.9000015258789,81.18000030517578,79.68000030517578,80.80999755859375,460600.0,L,2,0.0
80.5999984741211,81.05999755859375,80.2699966430664,80.94000244140625,467400.0,L,2,0.0
81.20999908447266,81.2699966430664,80.7300033569336,81.08999633789062,455600.0,L,2,0.0
81.4800033569336,81.54000091552734,79.47000122070312,79.56999969482422,571300.0,L,2,0.0
80.0,80.95999908447266,80.0,80.62000274658203,567400.0,L,2,0.0
80.38999938964844,80.83999633789062,79.7300033569336,79.76000213623047,579200.0,L,2,0.0
80.08000183105469,81.11000061035156,80.0199966430664,80.36000061035156,995400.0,L,2,0.0
80.4000015258789,80.66999816894531,78.91999816894531,78.95999908447266,762400.0,L,2,0.0
78.9800033569336,80.08000183105469,78.93000030517578,79.2699966430664,685700.0,L,2,0.0
79.12000274658203,79.19999694824219,75.16000366210938,76.51000213623047,1029300.0,L,2,0.0
76.7300033569336,78.41000366210938,76.33000183105469,78.38999938964844,835200.0,L,2,0.0
82.55000305175781,83.33000183105469,81.95999908447266,82.76000213623047,1202200.0,L,2,0.0
82.80999755859375,82.80999755859375,81.81999969482422,82.08000183105469,681300.0,L,2,0.0
82.4800033569336,83.5,82.20999908447266,83.11000061035156,618700.0,L,2,0.0
83.62999725341797,84.55999755859375,83.05999755859375,83.20999908447266,534400.0,L,2,0.0
83.12000274658203,83.66999816894531,82.86000061035156,82.97000122070312,1402700.0,L,2,0.0
82.94000244140625,83.58999633789062,82.48999786376953,83.20999908447266,795700.0,L,2,0.0
82.9800033569336,83.4000015258789,82.58999633789062,82.80000305175781,607800.0,L,2,0.0
83.01000213623047,83.88999938964844,82.75,83.66999816894531,937800.0,L,2,0.0
83.62999725341797,84.58999633789062,83.33999633789062,84.41000366210938,521100.0,L,2,0.0
83.30999755859375,84.19000244140625,83.22000122070312,84.12000274658203,596000.0,L,2,0.0
83.94999694824219,84.68000030517578,83.80000305175781,84.48999786376953,642400.0,L,2,0.0
84.69999694824219,85.08989715576172,84.2300033569336,84.9000015258789,134456.0,L,2,0.0
160.07000732421875,160.4600067138672,158.25,158.5,121500.0,CR,2,0.0
156.55999755859375,156.72999572753906,148.77000427246094,148.97999572753906,338500.0,CR,2,0.0
148.77999877929688,152.7949981689453,148.77999877929688,151.8000030517578,334400.0,CR,2,0.0
151.8000030517578,152.1199951171875,148.8699951171875,150.52000427246094,197600.0,CR,2,0.0
151.9199981689453,152.1699981689453,148.9600067138672,149.05999755859375,254800.0,CR,2,0.0
150.77000427246094,152.6999969482422,150.39999389648438,152.38999938964844,432100.0,CR,2,0.0
155.0,161.2899932861328,149.42999267578125,158.83999633789062,499700.0,CR,2,0.0
157.41000366210938,162.1300048828125,155.6999969482422,161.67999267578125,435200.0,CR,2,0.0
160.3800048828125,161.3300018310547,157.125,157.27999877929688,282400.0,CR,2,0.0
156.88999938964844,159.27999877929688,156.35000610351562,157.47000122070312,187000.0,CR,2,0.0
156.38999938964844,160.9499969482422,156.38999938964844,160.1300048828125,234100.0,CR,2,0.0
159.5800018310547,169.0399932861328,158.6199951171875,168.99000549316406,326700.0,CR,2,0.0
175.6699981689453,177.23500061035156,171.5500030517578,174.1999969482422,355100.0,CR,2,0.0
174.10000610351562,174.68499755859375,171.66000366210938,173.8699951171875,300200.0,CR,2,0.0
173.8699951171875,177.00999450683594,173.16000366210938,176.0,193700.0,CR,2,0.0
178.32000732421875,180.87100219726562,175.72500610351562,178.72999572753906,166600.0,CR,2,0.0
178.66000366210938,179.8249969482422,175.2100067138672,177.0,181700.0,CR,2,0.0
177.89999389648438,179.41000366210938,175.77000427246094,175.9499969482422,177000.0,CR,2,0.0
175.9499969482422,176.7899932861328,172.47000122070312,173.91000366210938,211600.0,CR,2,0.0
173.6999969482422,175.10499572753906,172.74000549316406,173.5,121400.0,CR,2,0.0
171.5399932861328,173.66000366210938,170.52000427246094,171.2100067138672,240800.0,CR,2,0.0
170.0,179.36500549316406,170.0,178.38999938964844,601800.0,CR,2,0.0
176.9499969482422,179.1699981689453,174.07000732421875,178.99000549316406,127500.0,CR,2,0.0
178.99000549316406,181.78990173339844,177.8000030517578,181.7042999267578,54711.0,CR,2,0.0
120.19000244140625,120.44000244140625,118.5199966430664,118.95999908447266,5595500.0,PM,1,0.0
123.31999969482422,131.97000122070312,123.22000122070312,131.41000366210938,14411800.0,PM,1,0.0
129.97999572753906,131.41000366210938,129.02999877929688,131.41000366210938,6993400.0,PM,1,0.0
131.88999938964844,132.91000366210938,131.33999633789062,132.8000030517578,5378900.0,PM,1,0.0
133.00999450683594,133.27000427246094,129.57000732421875,129.86000061035156,3888300.0,PM,1,0.0
129.6300048828125,130.5399932861328,128.74000549316406,130.5,5525900.0,PM,1,0.0
130.3000030517578,132.1300048828125,130.1199951171875,131.57000732421875,5500500.0,PM,1,0.0
131.57000732421875,132.3000030517578,131.0,132.11000061035156,4385800.0,PM,1,0.0
132.25,134.14999389648438,131.8699951171875,132.6999969482422,5666600.0,PM,1,0.0
132.66000366210938,133.27000427246094,130.3300018310547,130.64999389648438,5833200.0,PM,1,0.0
131.22999572753906,131.63999938964844,129.67999267578125,130.3300018310547,3916000.0,PM,1,0.0
130.72999572753906,132.3300018310547,130.27000427246094,132.19000244140625,3333500.0,PM,1,0.0
132.97999572753906,132.97999572753906,125.13999938964844,125.30999755859375,10222800.0,PM,1,0.0
126.52999877929688,126.9000015258789,123.68000030517578,123.77999877929688,10545500.0,PM,1,0.0
124.44999694824219,126.81999969482422,123.55999755859375,126.23999786376953,6364900.0,PM,1,0.0
125.9000015258789,126.97000122070312,124.80000305175781,124.94999694824219,5101500.0,PM,1,0.0
125.81999969482422,125.9000015258789,123.8499984741211,124.22000122070312,3837100.0,PM,1,0.0
124.8499984741211,126.41999816894531,124.20999908447266,125.23999786376953,4935800.0,PM,1,0.0
124.0,128.36000061035156,123.83000183105469,128.1999969482422,6851800.0,PM,1,0.0
128.38999938964844,130.14999389648438,128.33999633789062,128.58999633789062,9066000.0,PM,1,0.0
129.66000366210938,131.9600067138672,128.80999755859375,131.72000122070312,4906900.0,PM,1,0.0
131.22000122070312,131.4199981689453,128.77999877929688,129.5399932861328,5482600.0,PM,1,0.0
129.6199951171875,131.24000549316406,128.8000030517578,130.38999938964844,4172700.0,PM,1,0.0
130.5,131.8300018310547,130.4499969482422,131.6999969482422,673124.0,PM,1,0.0
0.36899998784065247,0.38100001215934753,0.34200000762939453,0.36000001430511475,126400.0,TOI,1,0.0
0.34200000762939453,0.36000001430511475,0.3370000123977661,0.3499999940395355,20700.0,TOI,1,0.0
0.33799999952316284,0.36800000071525574,0.32499998807907104,0.34200000762939453,102300.0,TOI,1,0.0
0.33399999141693115,0.3659999966621399,0.3240000009536743,0.328000009059906,119700.0,TOI,1,0.0
0.328000009059906,0.33500000834465027,0.32100000977516174,0.32499998807907104,48500.0,TOI,1,0.0
0.32499998807907104,0.35199999809265137,0.31200000643730164,0.32499998807907104,60500.0,TOI,1,0.0
0.32499998807907104,0.3499999940395355,0.3109999895095825,0.3199999928474426,114500.0,TOI,1,0.0
0.31200000643730164,0.3230000138282776,0.31200000643730164,0.3149999976158142,23100.0,TOI,1,0.0
0.32600000500679016,0.3400000035762787,0.296999990940094,0.3100000023841858,219600.0,TOI,1,0.0
0.3009999990463257,0.335999995470047,0.29100000858306885,0.30000001192092896,47800.0,TOI,1,0.0
0.30000001192092896,0.3149999976158142,0.2720000147819519,0.2800000011920929,108500.0,TOI,1,0.0
0.2800000011920929,0.3149999976158142,0.2750000059604645,0.2800000011920929,115000.0,TOI,1,0.0
0.2800000011920929,0.3199999928474426,0.26600000262260437,0.29499998688697815,656100.0,TOI,1,0.0
0.31299999356269836,0.32600000500679016,0.27000001072883606,0.27300000190734863,450500.0,TOI,1,0.0
0.26499998569488525,0.2800000011920929,0.25099998712539673,0.25999999046325684,173700.0,TOI,1,0.0
0.25999999046325684,0.289000004529953,0.25699999928474426,0.25999999046325684,243200.0,TOI,1,0.0
0.257999986410141,0.30000001192092896,0.25699999928474426,0.28999999165534973,245500.0,TOI,1,0.0
0.2849999964237213,0.289000004529953,0.25999999046325684,0.2639999985694885,282400.0,TOI,1,0.0
0.2639999985694885,0.2639999985694885,0.23000000417232513,0.23499999940395355,690300.0,TOI,1,0.0
0.21799999475479126,0.22499999403953552,0.17900000512599945,0.18000000715255737,2099700.0,TOI,1,0.0
0.1940000057220459,0.1940000057220459,0.16599999368190765,0.1679999977350235,1040100.0,TOI,1,0.0
0.17100000381469727,0.25,0.16599999368190765,0.18000000715255737,7511400.0,TOI,1,0.0
0.15000000596046448,0.1550000011920929,0.12800000607967377,0.13199999928474426,14840100.0,TOI,1,0.0
0.13699999451637268,0.1379999965429306,0.12530000507831573,0.13030000030994415,2258255.0,TOI,1,0.0
14.029517455822383,14.05921976881626,13.702789180231221,13.732491493225098,8321200.0,PR,1,0.0
13.79189669445359,13.94040919966928,13.706748870137755,13.821599006652832,6382700.0,PR,1,0.0
13.77209497976004,13.821599464545118,13.5780380414718,13.712690353393555,9304100.0,PR,1,0.0
13.821599338146255,14.004765646910132,13.722590369481537,13.970111846923828,8382000.0,PR,1,0.0
14.069120685592688,14.187930880360865,13.583978820901095,13.7720947265625,22683900.0,PR,1,0.0
13.306754363898838,13.509722846402804,13.21764742414576,13.475069046020508,15344100.0,PR,1,0.0
13.484969466666335,13.554275175573233,13.366159275303307,13.405762672424316,6372200.0,PR,1,0.0
13.489920181346768,13.681006598497707,13.410713386094768,13.593878746032715,7845800.0,PR,1,0.0
13.712690305284822,13.781996017209076,13.45526774068115,13.494871139526367,6101700.0,PR,1,0.0
13.643383599704942,13.663185771165553,13.247349612687769,13.27705192565918,7399600.0,PR,1,0.0
13.316654962650713,13.65823485731214,13.277051565024712,13.593878746032715,9062000.0,PR,1,0.0
13.62358230552789,13.762193728193116,13.524573337150299,13.752293586730957,9101300.0,PR,1,0.0
14.103773682406537,14.554262696166932,14.029517427959567,14.425551414489746,17558200.0,PR,1,0.0
14.801784437098215,15.019603605674147,14.569114583900427,14.821586608886719,12721000.0,PR,1,0.0
14.781982460514627,14.826536400561654,14.628518469588428,14.77208137512207,8555500.0,PR,1,0.0
14.841387255310272,15.01960301755031,14.742379232903184,14.960197448730469,8727000.0,PR,1,0.0
15.088909354449289,15.257224038174549,14.989901327929415,15.03940486907959,9303400.0,PR,1,0.0
15.19781870115609,15.19781870115609,14.762180383316567,14.979999542236328,6465400.0,PR,1,0.0
15.170000076293945,15.220000267028809,14.949999809265137,15.180000305175781,5714700.0,PR,1,0.0
15.220000267028809,15.34000015258789,14.739999771118164,14.800000190734863,6611800.0,PR,1,0.0
15.0,15.199999809265137,14.90999984741211,15.15999984741211,6935900.0,PR,1,0.0
14.970000267028809,15.265000343322754,14.899999618530273,15.130000114440918,7967800.0,PR,1,0.0
15.199999809265137,15.494999885559082,15.194999694824219,15.460000038146973,3756400.0,PR,1,0.0
15.649999618530273,15.795000076293945,15.5,15.779999732971191,1331958.0,PR,1,0.0
1.2100000381469727,1.2100000381469727,1.1399999856948853,1.149999976158142,5800.0,MATH,1,0.0
1.1799999475479126,1.2009999752044678,1.100000023841858,1.1449999809265137,7500.0,MATH,1,0.0
1.1449999809265137,1.1490000486373901,1.1200000047683716,1.1200000047683716,6600.0,MATH,1,0.0
1.1200000047683716,1.2000000476837158,1.1200000047683716,1.2000000476837158,9000.0,MATH,1,0.0
1.149999976158142,1.2000000476837158,1.149999976158142,1.2000000476837158,13900.0,MATH,1,0.0
1.190999984741211,1.190999984741211,1.1699999570846558,1.1699999570846558,600.0,MATH,1,0.0
1.190000057220459,1.25,1.1699999570846558,1.1699999570846558,116500.0,MATH,1,0.0
1.1699999570846558,1.25,1.1699999570846558,1.2400000095367432,5800.0,MATH,1,0.0
1.340000033378601,1.340000033378601,1.2599999904632568,1.2699999809265137,68900.0,MATH,1,0.0
1.25,1.3200000524520874,1.25,1.2999999523162842,76100.0,MATH,1,0.0
1.25,1.2899999618530273,1.25,1.2699999809265137,15000.0,MATH,1,0.0
1.2510000467300415,1.2510000467300415,1.2200000286102295,1.2400000095367432,8100.0,MATH,1,0.0
1.2300000190734863,1.246999979019165,1.2000000476837158,1.2300000190734863,7100.0,MATH,1,0.0
1.25,1.25,1.2000000476837158,1.25,10300.0,MATH,1,0.0
1.2589999437332153,1.2589999437332153,1.2039999961853027,1.2039999961853027,2700.0,MATH,1,0.0
1.2000000476837158,1.2400000095367432,1.2000000476837158,1.2139999866485596,5000.0,MATH,1,0.0
1.2200000286102295,1.2400000095367432,1.190000057220459,1.2300000190734863,15400.0,MATH,1,0.0
1.2389999628067017,1.25,1.1649999618530273,1.1820000410079956,15800.0,MATH,1,0.0
1.2029999494552612,1.2029999494552612,1.1200000047683716,1.1200000047683716,4900.0,MATH,1,0.0
1.190999984741211,1.190999984741211,0.9259999990463257,0.9950000047683716,109400.0,MATH,1,0.0
0.9900000095367432,1.0800000429153442,0.9300000071525574,0.9409999847412109,22900.0,MATH,1,0.0
0.9900000095367432,1.159999966621399,0.9409999847412109,1.0,198600.0,MATH,1,0.0
1.0,1.0399999618530273,0.890999972820282,0.9100000262260437,42600.0,MATH,1,0.0
1.2300000190734863,1.2300000190734863,0.9200000166893005,0.9200000166893005,68838.0,MATH,1,0.0
92.65504805885118,92.96251483421551,91.85168299580192,91.970703125,3188100.0,SO,2,0.0
91.593807091274,92.42693283687953,91.35577440692497,92.31783294677734,3021100.0,SO,2,0.0
92.14922969387496,93.40882723729969,92.06988294093972,93.37907409667969,4738900.0,SO,2,0.0
93.11127642078978,93.67660876737345,92.5657845449901,92.84349060058594,2722300.0,SO,2,0.0
93.36915155947035,93.4187451705632,91.05822851392048,91.12765502929688,2498800.0,SO,2,0.0
91.46487808521431,91.93103080460793,91.0086456017652,91.03839874267578,2773000.0,SO,2,0.0
90.25486416373485,90.28461730385042,88.89607941871613,89.08452606201172,5860700.0,SO,2,0.0
89.59035447747877,89.59035447747877,88.31091645073631,88.6282958984375,7005800.0,SO,2,0.0
89.94740222935191,91.62355879600047,89.38206988355022,90.28461456298828,10247100.0,SO,2,0.0
90.25486597935479,90.25486597935479,87.57697737816505,87.81501007080078,6817400.0,SO,2,0.0
87.81501187117253,88.47952391715421,86.78352675937322,87.39845275878906,4745100.0,SO,2,0.0
87.45795509846974,88.05304059889191,87.06122890921407,87.97369384765625,4438000.0,SO,2,0.0
87.47778977939764,88.01336901073144,86.39671864781627,86.70417785644531,4708100.0,SO,2,0.0
86.7934456674065,87.01164545634188,85.66278091285311,86.21819305419922,4574500.0,SO,2,0.0
86.72401361004628,88.06295783207639,86.43638732181542,87.9141845703125,3805900.0,SO,2,0.0
87.4182809592896,88.4001724047559,87.4182809592896,87.60672760009766,2899600.0,SO,2,0.0
87.67615854617551,87.90427100686088,86.88270613449419,86.99180603027344,4171500.0,SO,2,0.0
87.50754528697665,87.50754528697665,86.06941385304084,86.80335235595703,3329800.0,SO,2,0.0
86.77360527409049,86.78352551003005,85.90081368448186,86.06941986083984,3316300.0,SO,2,0.0
85.96031428104129,87.27942559761205,85.96031428104129,87.20999908447266,4464500.0,SO,2,0.0
87.0,88.16999816894531,86.83999633789062,88.04000091552734,4991500.0,SO,2,0.0
87.80999755859375,88.38999938964844,87.13999938964844,88.29000091552734,3546400.0,SO,2,0.0
88.0999984741211,88.41000366210938,87.80000305175781,87.97000122070312,4239900.0,SO,2,0.0
87.8499984741211,88.08000183105469,87.37000274658203,87.9092025756836,734532.0,SO,2,0.0
25.43000030517578,25.43000030517578,25.332000732421875,25.332000732421875,1200.0,MADE,1,0.0
25.149999618530273,25.25,25.149999618530273,25.214000701904297,500.0,MADE,1,0.0
25.209999084472656,25.309999465942383,24.975000381469727,25.106000900268555,7300.0,MADE,1,0.0
25.040000915527344,25.040000915527344,25.010000228881836,25.038000106811523,300.0,MADE,1,0.0
25.15999984741211,25.200000762939453,24.940000534057617,24.98200035095215,1500.0,MADE,1,0.0
25.190000534057617,25.25,25.18000030517578,25.20800018310547,1600.0,MADE,1,0.0
25.1299991607666,25.1299991607666,24.950000762939453,24.950000762939453,7900.0,MADE,1,0.0
24.829999923706055,24.940000534057617,24.739999771118164,24.834999084472656,7100.0,MADE,1,0.0
24.84000015258789,24.84000015258789,24.604000091552734,24.621000289916992,6300.0,MADE,1,0.0
24.780000686645508,24.84000015258789,24.649999618530273,24.6560001373291,2800.0,MADE,1,0.0
24.915000915527344,24.915000915527344,24.743000030517578,24.743000030517578,900.0,MADE,1,0.0
24.780000686645508,25.242000579833984,24.780000686645508,25.242000579833984,4800.0,MADE,1,0.0
26.0,26.18000030517578,25.88599967956543,26.170000076293945,16900.0,MADE,1,0.0
26.40999984741211,26.40999984741211,26.06999969482422,26.170000076293945,57500.0,MADE,1,0.0
26.200000762939453,26.40999984741211,26.19499969482422,26.3439998626709,27600.0,MADE,1,0.0
26.579999923706055,26.670000076293945,26.549999237060547,26.639999389648438,16800.0,MADE,1,0.0
26.75,26.75,26.350000381469727,26.350000381469727,8300.0,MADE,1,0.0
26.559999465942383,26.638999938964844,26.440000534057617,26.479999542236328,37300.0,MADE,1,0.0
26.510000228881836,26.58799934387207,26.1200008392334,26.139999389648438,16600.0,MADE,1,0.0
26.040000915527344,26.079999923706055,25.829999923706055,25.829999923706055,17000.0,MADE,1,0.0
25.844999313354492,26.010000228881836,25.799999237060547,25.8799991607666,2700.0,MADE,1,0.0
25.610000610351562,25.940000534057617,25.610000610351562,25.856000900268555,17100.0,MADE,1,0.0
25.93000030517578,25.93000030517578,25.6200008392334,25.81999969482422,7300.0,MADE,1,0.0
25.90999984741211,26.309900283813477,26.309900283813477,26.309900283813477,1535.0,MADE,1,0.0
14.98470418619788,15.053667021006184,14.82707431260852,14.86648178100586,1910700.0,AM,1,0.0
14.935444785840465,14.96500015258789,14.811311681772374,14.96500015258789,2454100.0,AM,1,0.0
14.859999656677246,14.979999542236328,14.640000343322754,14.800000190734863,4073600.0,AM,1,0.0
14.890000343322754,15.010000228881836,14.805000305175781,15.0,2223400.0,AM,1,0.0
15.0600004196167,15.079999923706055,14.927000045776367,15.010000228881836,1756500.0,AM,1,0.0
14.819999694824219,14.949999809265137,14.75,14.880000114440918,2199800.0,AM,1,0.0
14.859999656677246,14.899999618530273,14.664999961853027,14.880000114440918,2330500.0,AM,1,0.0
14.904999732971191,15.100000381469727,14.84000015258789,15.0,2466500.0,AM,1,0.0
14.609999656677246,14.819999694824219,14.369999885559082,14.369999885559082,6318700.0,AM,1,0.0
14.449999809265137,14.604999542236328,14.380000114440918,14.380000114440918,2972800.0,AM,1,0.0
14.430000305175781,14.654999732971191,14.359999656677246,14.4399995803833,1980900.0,AM,1,0.0
14.430000305175781,14.704999923706055,14.420000076293945,14.609999656677246,2450700.0,AM,1,0.0
14.890000343322754,15.255000114440918,14.800000190734863,15.180000305175781,3840400.0,AM,1,0.0
15.25,15.40999984741211,15.130000114440918,15.329999923706055,2216000.0,AM,1,0.0
15.319999694824219,15.40999984741211,15.109999656677246,15.359999656677246,3205900.0,AM,1,0.0
15.460000038146973,15.729999542236328,15.406000137329102,15.600000381469727,2500600.0,AM,1,0.0
15.59000015258789,15.670000076293945,15.28499984741211,15.40999984741211,3892700.0,AM,1,0.0
15.479999542236328,15.489999771118164,15.029999732971191,15.039999961853027,2745600.0,AM,1,0.0
15.100000381469727,15.180000305175781,15.024999618530273,15.09000015258789,1892400.0,AM,1,0.0
15.079999923706055,15.350000381469727,15.079999923706055,15.25,2889000.0,AM,1,0.0
15.329999923706055,15.539999961853027,15.265000343322754,15.479999542236328,2263600.0,AM,1,0.0
15.390000343322754,15.59000015258789,15.350000381469727,15.510000228881836,2236000.0,AM,1,0.0
15.479999542236328,15.529999732971191,15.281000137329102,15.430000305175781,3971000.0,AM,1,0.0
15.5,15.774999618530273,15.489999771118164,15.704999923706055,362808.0,AM,1,0.0
14.869999885559082,14.890000343322754,14.819999694824219,14.829999923706055,9300.0,UAE,1,0.0
14.859999656677246,14.920000076293945,14.829999923706055,14.920000076293945,22000.0,UAE,1,0.0
14.779999732971191,14.789999961853027,14.680000305175781,14.6899995803833,17500.0,UAE,1,0.0
14.729999542236328,14.739999771118164,14.680000305175781,14.6899995803833,2800.0,UAE,1,0.0
14.770000457763672,14.84000015258789,14.710000038146973,14.729999542236328,28200.0,UAE,1,0.0
15.069999694824219,15.149999618530273,15.0600004196167,15.0600004196167,8200.0,UAE,1,0.0
15.09000015258789,15.180000305175781,15.039999961853027,15.170000076293945,52700.0,UAE,1,0.0
15.114999771118164,15.210000038146973,15.109999656677246,15.180000305175781,28100.0,UAE,1,0.0
15.15999984741211,15.170000076293945,15.0600004196167,15.09000015258789,16700.0,UAE,1,0.0
15.272000312805176,15.329999923706055,15.229999542236328,15.270000457763672,9200.0,UAE,1,0.0
15.119999885559082,15.13599967956543,15.039999961853027,15.109999656677246,11800.0,UAE,1,0.0
15.149999618530273,15.25,15.149999618530273,15.220000267028809,8400.0,UAE,1,0.0
15.270000457763672,15.322999954223633,15.220000267028809,15.3100004196167,22500.0,UAE,1,0.0
15.260000228881836,15.34000015258789,15.260000228881836,15.34000015258789,21000.0,UAE,1,0.0
15.359999656677246,15.359999656677246,15.3149995803833,15.324999809265137,20200.0,UAE,1,0.0
15.350000381469727,15.380000114440918,15.260000228881836,15.3100004196167,51000.0,UAE,1,0.0
15.4399995803833,15.470000267028809,15.399999618530273,15.449999809265137,24100.0,UAE,1,0.0
15.430000305175781,15.430000305175781,15.3100004196167,15.3100004196167,54600.0,UAE,1,0.0
15.359999656677246,15.428000450134277,15.34000015258789,15.345000267028809,29200.0,UAE,1,0.0
15.364999771118164,15.369999885559082,15.270000457763672,15.319999694824219,20700.0,UAE,1,0.0
15.350000381469727,15.489999771118164,15.350000381469727,15.449999809265137,29400.0,UAE,1,0.0
15.510000228881836,15.569999694824219,15.510000228881836,15.569999694824219,57400.0,UAE,1,0.0
15.5649995803833,15.59000015258789,15.5,15.59000015258789,25500.0,UAE,1,0.0
15.380000114440918,15.479999542236328,15.359999656677246,15.46969985961914,25841.0,UAE,1,0.0
8.794285774230957,8.794285774230957,8.794285774230957,8.794285774230957,0.0,GMP,1,0.0
8.794285774230957,8.794285774230957,8.794285774230957,8.794285774230957,0.0,GMP,1,0.0
8.794285774230957,8.794285774230957,8.794285774230957,8.794285774230957,0.0,GMP,1,0.0
8.794285774230957,8.794285774230957,8.794285774230957,8.794285774230957,0.0,GMP,1,0.0
8.794285774230957,8.794285774230957,8.794285774230957,8.794285774230957,0.0,GMP,1,0.0
8.794285774230957,8.794285774230957,8.794285774230957,8.794285774230957,0.0,GMP,1,0.0
8.794285774230957,8.794285774230957,8.794285774230957,8.794285774230957,0.0,GMP,1,0.0
8.794285774230957,8.794285774230957,8.794285774230957,8.794285774230957,0.0,GMP,1,0.0
8.794285774230957,8.794285774230957,8.794285774230957,8.794285774230957,0.0,GMP,1,0.0
8.794285774230957,8.794285774230957,8.794285774230957,8.794285774230957,0.0,GMP,1,0.0
8.794285774230957,8.794285774230957,8.794285774230957,8.794285774230957,0.0,GMP,1,0.0
6.840000152587891,6.840000152587891,6.840000152587891,6.840000152587891,4642.0,GMP,1,0.0
6.840000152587891,6.840000152587891,6.840000152587891,6.840000152587891,0.0,GMP,1,0.0
7.0,7.0,7.0,7.0,0.0,GMP,1,0.0
7.0,7.0,7.0,7.0,419.0,GMP,1,0.0
7.5,7.5,7.5,7.5,1020.0,GMP,1,0.0
7.5,7.5,7.5,7.5,0.0,GMP,1,0.0
7.5,7.5,7.5,7.5,0.0,GMP,1,0.0
7.5,7.5,7.5,7.5,0.0,GMP,1,0.0
7.5,7.5,7.5,7.5,0.0,GMP,1,0.0
7.5,7.5,7.5,7.5,0.0,GMP,1,0.0
7.5,7.5,7.5,7.5,0.0,GMP,1,0.0
7.5,7.5,7.5,7.5,0.0,GMP,1,0.0
74.08000183105469,74.08000183105469,72.73999786376953,72.80999755859375,145300.0,CASH,1,0.0
72.58999633789062,73.1500015258789,72.58999633789062,73.08999633789062,70700.0,CASH,1,0.0
72.44000244140625,73.0,71.91999816894531,72.68000030517578,199900.0,CASH,1,0.0
72.61000061035156,72.61000061035156,68.63999938964844,70.1500015258789,310800.0,CASH,1,0.0
70.19999694824219,70.58999633789062,68.22000122070312,68.45999908447266,228500.0,CASH,1,0.0
69.30999755859375,70.75,68.61000061035156,70.38999938964844,146500.0,CASH,1,0.0
69.9000015258789,70.47000122070312,69.47000122070312,70.33000183105469,151300.0,CASH,1,0.0
70.20999908447266,72.4000015258789,70.19000244140625,71.13999938964844,197200.0,CASH,1,0.0
71.01000213623047,71.93000030517578,70.72000122070312,70.76000213623047,167000.0,CASH,1,0.0
71.5999984741211,71.69999694824219,70.3499984741211,71.27999877929688,149500.0,CASH,1,0.0
70.80000305175781,71.31999969482422,69.51000213623047,70.77999877929688,162200.0,CASH,1,0.0
71.01000213623047,72.1500015258789,69.05000305175781,72.11000061035156,173900.0,CASH,1,0.0
77.4000015258789,80.8499984741211,77.4000015258789,80.75,577000.0,CASH,1,0.0
80.16000366210938,80.80000305175781,77.81999969482422,77.98999786376953,215300.0,CASH,1,0.0
78.58000183105469,80.25,77.72000122070312,79.23999786376953,216400.0,CASH,1,0.0
80.51000213623047,82.26000213623047,79.55000305175781,81.54000091552734,222700.0,CASH,1,0.0
81.41000366210938,82.25,81.0199966430664,81.56999969482422,249500.0,CASH,1,0.0
81.69999694824219,83.83000183105469,81.48999786376953,81.55000305175781,225400.0,CASH,1,0.0
82.13999938964844,82.13999938964844,79.43000030517578,80.05999755859375,179000.0,CASH,1,0.0
80.19000244140625,80.69000244140625,78.55999755859375,79.62999725341797,143100.0,CASH,1,0.0
79.7699966430664,80.0,79.02999877929688,79.19999694824219,255900.0,CASH,1,0.0
78.37999725341797,79.70999908447266,78.0,78.97000122070312,136200.0,CASH,1,0.0
78.88999938964844,79.75,77.97000122070312,79.5199966430664,152700.0,CASH,1,0.0
80.56999969482422,81.9469985961914,79.7249984741211,81.76499938964844,25184.0,CASH,1,0.0
20.920000076293945,21.12299919128418,20.770000457763672,20.920000076293945,548900.0,OR,1,0.0
21.049999237060547,21.200000762939453,20.954999923706055,21.100000381469727,414000.0,OR,1,0.0
20.899999618530273,21.070999145507812,20.674999237060547,20.8799991607666,367000.0,OR,1,0.0
20.90999984741211,20.989999771118164,20.290000915527344,20.65999984741211,520800.0,OR,1,0.0
20.68000030517578,20.979999542236328,20.635000228881836,20.700000762939453,534000.0,OR,1,0.0
20.700000762939453,20.84000015258789,20.600000381469727,20.780000686645508,301600.0,OR,1,0.0
20.90999984741211,21.288999557495117,20.81999969482422,21.010000228881836,535800.0,OR,1,0.0
21.030000686645508,21.06999969482422,20.635000228881836,21.030000686645508,304100.0,OR,1,0.0
20.75,20.850000381469727,20.1200008392334,20.1299991607666,1234200.0,OR,1,0.0
20.239999771118164,20.59000015258789,20.149999618530273,20.3799991607666,578800.0,OR,1,0.0
20.440000534057617,20.510000228881836,20.190000534057617,20.290000915527344,323300.0,OR,1,0.0
20.3799991607666,20.53499984741211,20.34000015258789,20.479999542236328,514100.0,OR,1,0.0
19.969999313354492,20.31999969482422,19.639999389648438,20.31999969482422,741300.0,OR,1,0.0
20.209999084472656,20.65999984741211,19.899999618530273,20.540000915527344,573000.0,OR,1,0.0
20.559999465942383,20.780000686645508,20.079999923706055,20.239999771118164,456900.0,OR,1,0.0
19.459999084472656,19.559999465942383,18.530000686645508,19.139999389648438,1033500.0,OR,1,0.0
18.850000381469727,19.05900001525879,18.420000076293945,18.579999923706055,880700.0,OR,1,0.0
18.670000076293945,18.68000030517578,18.31999969482422,18.420000076293945,796000.0,OR,1,0.0
18.260000228881836,18.65999984741211,18.260000228881836,18.59000015258789,917100.0,OR,1,0.0
18.6200008392334,18.709999084472656,18.3799991607666,18.530000686645508,4642300.0,OR,1,0.0
18.979999542236328,19.270000457763672,18.889999389648438,19.15999984741211,527900.0,OR,1,0.0
19.290000915527344,19.75,19.1299991607666,19.75,521200.0,OR,1,0.0
19.690000534057617,19.920000076293945,19.649999618530273,19.84000015258789,399100.0,OR,1,0.0
20.0,20.0,19.729999542236328,19.790000915527344,107331.0,OR,1,0.0
3.299999952316284,3.3399999141693115,3.2799999713897705,3.2950000762939453,28300.0,YOLO,2,0.0
3.2699999809265137,3.5199999809265137,3.2699999809265137,3.509999990463257,83500.0,YOLO,2,0.0
3.509999990463257,3.5199999809265137,3.430000066757202,3.4800000190734863,48500.0,YOLO,2,0.0
3.4600000381469727,3.5169999599456787,3.4000000953674316,3.430000066757202,56100.0,YOLO,2,0.0
3.5,3.5,3.450000047683716,3.490000009536743,43400.0,YOLO,2,0.0
3.4000000953674316,3.509999990463257,3.4000000953674316,3.440000057220459,74400.0,YOLO,2,0.0
3.4100000858306885,3.4100000858306885,3.299999952316284,3.319999933242798,37300.0,YOLO,2,0.0
3.2799999713897705,3.319999933242798,3.2200000286102295,3.2249999046325684,55300.0,YOLO,2,0.0
3.2100000381469727,3.2300000190734863,3.180999994277954,3.2100000381469727,23700.0,YOLO,2,0.0
3.2200000286102295,3.259999990463257,3.2100000381469727,3.25,20900.0,YOLO,2,0.0
3.25,3.38700008392334,3.25,3.3399999141693115,35300.0,YOLO,2,0.0
3.4000000953674316,3.4000000953674316,3.265000104904175,3.319999933242798,43400.0,YOLO,2,0.0
3.2799999713897705,3.2899999618530273,2.7200000286102295,2.7990000247955322,368400.0,YOLO,2,0.0
2.759999990463257,2.9000000953674316,2.759999990463257,2.859999895095825,72600.0,YOLO,2,0.0
2.990000009536743,3.0,2.7709999084472656,2.7899999618530273,124000.0,YOLO,2,0.0
2.8399999141693115,2.8399999141693115,2.5209999084472656,2.5299999713897705,238600.0,YOLO,2,0.0
2.450000047683716,2.744999885559082,2.450000047683716,2.7200000286102295,144700.0,YOLO,2,0.0
2.7200000286102295,2.8310000896453857,2.609999895095825,2.8310000896453857,98900.0,YOLO,2,0.0
2.7899999618530273,2.8299999237060547,2.7300000190734863,2.740000009536743,59500.0,YOLO,2,0.0
2.7799999713897705,2.7799999713897705,2.690000057220459,2.7100000381469727,45700.0,YOLO,2,0.0
2.7100000381469727,2.7699999809265137,2.640000104904175,2.680000066757202,81500.0,YOLO,2,0.0
2.6500000953674316,2.7100000381469727,2.625999927520752,2.640000104904175,40800.0,YOLO,2,0.0
2.609999895095825,2.6700000762939453,2.609999895095825,2.619999885559082,74900.0,YOLO,2,0.0
2.619999885559082,2.6659998893737793,2.5799999237060547,2.634999990463257,31932.0,YOLO,2,0.0
1.5499999523162842,1.5499999523162842,1.4500000476837158,1.4700000286102295,3700.0,GIFT,1,1.0
1.4299999475479126,1.5,1.4299999475479126,1.5,13900.0,GIFT,1,1.0
1.4900000095367432,1.5299999713897705,1.430999994277954,1.5299999713897705,13900.0,GIFT,1,1.0
1.5299999713897705,1.6749999523162842,1.5299999713897705,1.6399999856948853,16000.0,GIFT,1,1.0
1.6100000143051147,1.840000033378601,1.600000023841858,1.6699999570846558,72100.0,GIFT,1,1.0
1.7000000476837158,1.715999960899353,1.6699999570846558,1.6699999570846558,7700.0,GIFT,1,1.0
1.7200000286102295,1.7300000190734863,1.4299999475479126,1.7300000190734863,60700.0,GIFT,1,1.0
1.7000000476837158,1.7000000476837158,1.4700000286102295,1.5499999523162842,12300.0,GIFT,1,1.0
1.4500000476837158,1.5850000381469727,1.4500000476837158,1.5499999523162842,8700.0,GIFT,1,1.0
1.4600000381469727,1.6950000524520874,1.4500000476837158,1.5,10900.0,GIFT,1,1.0
1.4700000286102295,1.4700000286102295,1.309999942779541,1.3300000429153442,48800.0,GIFT,1,1.0
1.2899999618530273,1.4900000095367432,1.2899999618530273,1.4199999570846558,11100.0,GIFT,1,1.0
1.3600000143051147,1.5,1.3600000143051147,1.5,20600.0,GIFT,1,1.0
1.4600000381469727,1.8350000381469727,1.4600000381469727,1.7400000095367432,72200.0,GIFT,1,1.0
1.7200000286102295,2.0299999713897705,1.600000023841858,1.6100000143051147,185200.0,GIFT,1,1.0
1.7300000190734863,1.899999976158142,1.6050000190734863,1.7899999618530273,42700.0,GIFT,1,1.0
1.7999999523162842,1.9800000190734863,1.440000057220459,1.690000057220459,78100.0,GIFT,1,1.0
1.840999960899353,1.843000054359436,1.3799999952316284,1.600000023841858,78900.0,GIFT,1,1.0
1.6399999856948853,1.7699999809265137,1.4850000143051147,1.6829999685287476,39400.0,GIFT,1,1.0
1.7059999704360962,1.7059999704360962,1.4800000190734863,1.559999942779541,12100.0,GIFT,1,1.0
1.5299999713897705,1.690000057220459,1.440000057220459,1.6299999952316284,45400.0,GIFT,1,1.0
1.5950000286102295,1.684999942779541,1.5299999713897705,1.6100000143051147,3700.0,GIFT,1,1.0
1.5399999618530273,1.690000057220459,1.4900000095367432,1.690000057220459,3800.0,GIFT,1,1.0
1.6399999856948853,1.6399999856948853,1.5299999713897705,1.5299999713897705,7853.0,GIFT,1,1.0
91.19999694824219,91.36000061035156,89.77999877929688,90.19000244140625,1637900.0,STT,1,1.0
89.86000061035156,90.22000122070312,89.3499984741211,89.86000061035156,1403500.0,STT,1,1.0
89.5999984741211,91.56999969482422,89.5,91.43000030517578,2457700.0,STT,1,1.0
91.98999786376953,92.05999755859375,91.31999969482422,91.87000274658203,1722300.0,STT,1,1.0
92.63999938964844,92.63999938964844,90.37000274658203,90.37999725341797,1553900.0,STT,1,1.0
91.2300033569336,93.5999984741211,90.81999969482422,92.9800033569336,2405800.0,STT,1,1.0
92.5999984741211,93.70999908447266,92.47000122070312,92.81999969482422,2104700.0,STT,1,1.0
92.73999786376953,94.05999755859375,92.69000244140625,92.93000030517578,1552300.0,STT,1,1.0
92.83000183105469,93.62999725341797,92.16000366210938,92.80000305175781,2673500.0,STT,1,1.0
93.01000213623047,93.76000213623047,92.70999908447266,92.80000305175781,2158900.0,STT,1,1.0
92.80000305175781,92.95999908447266,92.01000213623047,92.26000213623047,1363100.0,STT,1,1.0
92.25,93.22000122070312,92.02999877929688,92.91000366210938,1480000.0,STT,1,1.0
97.56999969482422,98.44999694824219,95.97000122070312,96.80999755859375,3076100.0,STT,1,1.0
96.38999938964844,96.94999694824219,95.06999969482422,95.12000274658203,1915600.0,STT,1,1.0
95.22000122070312,95.55000305175781,93.80000305175781,94.77999877929688,2723300.0,STT,1,1.0
95.69000244140625,97.0,95.56999969482422,96.55000305175781,1712800.0,STT,1,1.0
96.16000366210938,96.73999786376953,95.18000030517578,95.19000244140625,1938800.0,STT,1,1.0
95.30000305175781,96.5,95.12999725341797,95.16999816894531,1649600.0,STT,1,1.0
95.4000015258789,95.79000091552734,93.95999908447266,94.18000030517578,1377200.0,STT,1,1.0
94.29000091552734,95.66999816894531,94.18000030517578,95.4800033569336,2354400.0,STT,1,1.0
95.3499984741211,96.30000305175781,95.19999694824219,96.12000274658203,1528000.0,STT,1,1.0
95.06999969482422,95.55000305175781,94.62000274658203,94.70999908447266,1781900.0,STT,1,1.0
95.30000305175781,95.41000366210938,94.56999969482422,95.30000305175781,1351000.0,STT,1,1.0
95.87999725341797,96.4000015258789,95.45999908447266,96.16000366210938,259882.0,STT,1,1.0
18.989999771118164,19.06999969482422,18.399999618530273,18.420000076293945,2862800.0,MAT,1,1.0
18.360000610351562,18.3799991607666,18.079999923706055,18.110000610351562,2365000.0,MAT,1,1.0
17.969999313354492,18.110000610351562,17.700000762939453,17.780000686645508,4063500.0,MAT,1,1.0
18.440000534057617,18.75,17.899999618530273,18.56999969482422,4836100.0,MAT,1,1.0
18.729999542236328,19.299999237060547,18.709999084472656,19.0,3705900.0,MAT,1,1.0
19.079999923706055,19.790000915527344,18.969999313354492,19.719999313354492,4054500.0,MAT,1,1.0
19.690000534057617,20.06999969482422,19.540000915527344,19.829999923706055,3459300.0,MAT,1,1.0
19.81999969482422,20.440000534057617,19.780000686645508,20.34000015258789,3633900.0,MAT,1,1.0
20.389999389648438,20.600000381469727,20.219999313354492,20.3799991607666,2903900.0,MAT,1,1.0
20.420000076293945,20.479999542236328,19.790000915527344,19.90999984741211,3388000.0,MAT,1,1.0
19.899999618530273,20.290000915527344,19.860000610351562,20.010000228881836,2189800.0,MAT,1,1.0
19.940000534057617,20.299999237060547,19.799999237060547,20.209999084472656,2317700.0,MAT,1,1.0
20.399999618530273,20.43000030517578,18.690000534057617,18.799999237060547,4942200.0,MAT,1,1.0
18.969999313354492,19.5,18.950000762939453,19.3799991607666,3278600.0,MAT,1,1.0
19.270000457763672,19.920000076293945,19.209999084472656,19.549999237060547,2468500.0,MAT,1,1.0
19.610000610351562,19.739999771118164,19.399999618530273,19.450000762939453,1989500.0,MAT,1,1.0
19.280000686645508,19.3799991607666,18.799999237060547,18.84000015258789,3129900.0,MAT,1,1.0
18.969999313354492,19.18000030517578,18.770000457763672,18.790000915527344,2474300.0,MAT,1,1.0
18.780000686645508,19.18000030517578,18.780000686645508,18.989999771118164,1682600.0,MAT,1,1.0
19.020000457763672,19.18000030517578,18.649999618530273,18.670000076293945,2686700.0,MAT,1,1.0
18.6200008392334,18.700000762939453,18.360000610351562,18.420000076293945,2833900.0,MAT,1,1.0
18.25,18.56999969482422,17.959999084472656,18.309999465942383,5456300.0,MAT,1,1.0
18.239999771118164,18.520000457763672,18.15999984741211,18.350000381469727,6821100.0,MAT,1,1.0
18.3700008392334,18.51110076904297,18.360000610351562,18.46500015258789,776604.0,MAT,1,1.0
68.0999984741211,68.3499984741211,65.7699966430664,67.13999938964844,6743700.0,ON,1,0.0
66.66999816894531,67.05999755859375,65.68000030517578,66.54000091552734,6921400.0,ON,1,0.0
69.36000061035156,69.68000030517578,66.47000122070312,67.97000122070312,9256100.0,ON,1,0.0
69.52999877929688,70.13999938964844,68.36000061035156,70.08000183105469,7567000.0,ON,1,0.0
70.5999984741211,72.9800033569336,70.56999969482422,71.25,10772100.0,ON,1,0.0
67.30000305175781,75.19999694824219,66.62000274658203,72.23999786376953,16687300.0,ON,1,0.0
72.23999786376953,75.19999694824219,70.62000274658203,74.69999694824219,8222500.0,ON,1,0.0
73.6500015258789,76.05999755859375,72.81999969482422,73.62999725341797,8087700.0,ON,1,0.0
73.36000061035156,73.44000244140625,69.27999877929688,70.48999786376953,9975300.0,ON,1,0.0
70.5,72.5,70.16000366210938,70.98999786376953,5551200.0,ON,1,0.0
70.25,71.36000061035156,69.37000274658203,69.5,4008500.0,ON,1,0.0
69.33999633789062,70.61000061035156,68.4800033569336,70.19999694824219,5019600.0,ON,1,0.0
72.51000213623047,73.30000305175781,71.36000061035156,72.2699966430664,7771900.0,ON,1,0.0
73.1500015258789,73.45999908447266,71.94000244140625,72.05000305175781,5027700.0,ON,1,0.0
71.0,71.41999816894531,69.6500015258789,70.41000366210938,4742200.0,ON,1,0.0
71.0,71.01000213623047,68.80000305175781,69.95999908447266,6632600.0,ON,1,0.0
69.9000015258789,71.30000305175781,68.98999786376953,70.2300033569336,4852700.0,ON,1,0.0
69.0,69.80999755859375,67.83000183105469,68.48999786376953,5676400.0,ON,1,0.0
68.63999938964844,69.18000030517578,66.80000305175781,67.0199966430664,6420700.0,ON,1,0.0
66.30999755859375,66.83000183105469,64.58999633789062,64.76000213623047,6231100.0,ON,1,0.0
64.4800033569336,66.58000183105469,64.31999969482422,66.4800033569336,6371700.0,ON,1,0.0
66.47000122070312,67.22000122070312,66.0,66.6500015258789,5746300.0,ON,1,0.0
65.56999969482422,67.36000061035156,65.47000122070312,67.30999755859375,5096900.0,ON,1,0.0
67.9000015258789,67.9000015258789,66.44999694824219,67.37999725341797,865933.0,ON,1,0.0
533.72998046875,536.8900146484375,525.8300170898438,529.6500244140625,579700.0,NOC,1,0.0
529.7999877929688,529.7999877929688,517.8200073242188,520.2000122070312,677400.0,NOC,1,0.0
522.1099853515625,522.9000244140625,515.4400024414062,516.4000244140625,919500.0,NOC,1,0.0
515.9099731445312,531.0,515.739990234375,523.6799926757812,1310300.0,NOC,1,0.0
525.8300170898438,527.75,518.5700073242188,519.3499755859375,516100.0,NOC,1,0.0
519.27001953125,519.27001953125,511.45001220703125,512.1500244140625,680700.0,NOC,1,0.0
512.5,512.6599731445312,504.010009765625,504.04998779296875,582000.0,NOC,1,0.0
504.04998779296875,509.3699951171875,501.8500061035156,505.3399963378906,799200.0,NOC,1,0.0
505.6099853515625,511.70001220703125,504.05999755859375,509.0199890136719,908100.0,NOC,1,0.0
513.9000244140625,513.9000244140625,506.3299865722656,506.95001220703125,497900.0,NOC,1,0.0
507.7900085449219,510.989990234375,502.1400146484375,507.44000244140625,455400.0,NOC,1,0.0
508.94000244140625,513.1900024414062,505.4800109863281,512.9000244140625,695400.0,NOC,1,0.0
529.3499755859375,529.3499755859375,515.4400024414062,523.1400146484375,965700.0,NOC,1,0.0
525.9199829101562,525.9199829101562,517.4500122070312,520.5800170898438,671600.0,NOC,1,0.0
523.3699951171875,531.27001953125,522.22998046875,528.989990234375,495800.0,NOC,1,0.0
532.9299926757812,539.760009765625,532.510009765625,533.7000122070312,538400.0,NOC,1,0.0
536.1500244140625,536.1500244140625,529.9099731445312,531.3900146484375,649900.0,NOC,1,0.0
528.75,529.9000244140625,518.8400268554688,520.4199829101562,773400.0,NOC,1,0.0
521.0,521.0,492.1300048828125,500.3399963378906,1187600.0,NOC,1,0.0
497.55999755859375,504.239990234375,490.8699951171875,493.989990234375,1428600.0,NOC,1,0.0
494.8500061035156,498.32000732421875,487.6400146484375,488.67999267578125,875900.0,NOC,1,0.0
494.1199951171875,497.94000244140625,489.6499938964844,491.0199890136719,795200.0,NOC,1,0.0
490.32000732421875,492.95001220703125,487.44000244140625,491.9800109863281,533500.0,NOC,1,0.0
493.8999938964844,496.8999938964844,489.50390625,495.6499938964844,126964.0,NOC,1,0.0
0.1550000011920929,0.1550000011920929,0.1550000011920929,0.1550000011920929,0.0,STGC,1,0.0
0.1550000011920929,0.1550000011920929,0.1550000011920929,0.1550000011920929,0.0,STGC,1,0.0
0.1550000011920929,0.1550000011920929,0.1550000011920929,0.1550000011920929,0.0,STGC,1,0.0
0.1550000011920929,0.1550000011920929,0.1550000011920929,0.1550000011920929,0.0,STGC,1,0.0
0.1550000011920929,0.1550000011920929,0.1550000011920929,0.1550000011920929,0.0,STGC,1,0.0
0.1550000011920929,0.1550000011920929,0.1550000011920929,0.1550000011920929,0.0,STGC,1,0.0
0.1550000011920929,0.1550000011920929,0.1550000011920929,0.1550000011920929,0.0,STGC,1,0.0
0.1550000011920929,0.1550000011920929,0.1550000011920929,0.1550000011920929,0.0,STGC,1,0.0
0.1550000011920929,0.1550000011920929,0.1550000011920929,0.1550000011920929,0.0,STGC,1,0.0
0.1550000011920929,0.1550000011920929,0.1550000011920929,0.1550000011920929,0.0,STGC,1,0.0
0.1550000011920929,0.1550000011920929,0.1550000011920929,0.1550000011920929,0.0,STGC,1,0.0
0.1550000011920929,0.1550000011920929,0.1550000011920929,0.1550000011920929,0.0,STGC,1,0.0
0.1550000011920929,0.1550000011920929,0.1550000011920929,0.1550000011920929,0.0,STGC,1,0.0
0.1550000011920929,0.1550000011920929,0.1550000011920929,0.1550000011920929,0.0,STGC,1,0.0
0.1550000011920929,0.1550000011920929,0.1550000011920929,0.1550000011920929,0.0,STGC,1,0.0
0.1550000011920929,0.1550000011920929,0.1550000011920929,0.1550000011920929,0.0,STGC,1,0.0
0.1550000011920929,0.1550000011920929,0.1550000011920929,0.1550000011920929,0.0,STGC,1,0.0
0.1550000011920929,0.1550000011920929,0.1550000011920929,0.1550000011920929,0.0,STGC,1,0.0
0.1550000011920929,0.1550000011920929,0.1550000011920929,0.1550000011920929,0.0,STGC,1,0.0
0.1550000011920929,0.1550000011920929,0.1550000011920929,0.1550000011920929,0.0,STGC,1,0.0
0.1550000011920929,0.1550000011920929,0.1550000011920929,0.1550000011920929,0.0,STGC,1,0.0
0.1550000011920929,0.1550000011920929,0.1550000011920929,0.1550000011920929,0.0,STGC,1,0.0
0.1550000011920929,0.1550000011920929,0.1550000011920929,0.1550000011920929,0.0,STGC,1,0.0
194.9499969482422,195.27999877929688,192.4199981689453,192.63999938964844,1163200.0,ALL,1,0.0
191.69000244140625,193.1300048828125,190.32000732421875,192.77999877929688,777700.0,ALL,1,0.0
192.00999450683594,193.8000030517578,191.47000122070312,192.77999877929688,1166600.0,ALL,1,0.0
193.41000366210938,194.4600067138672,191.60000610351562,192.0,977700.0,ALL,1,0.0
192.0,193.1199951171875,187.94000244140625,188.1199951171875,1154000.0,ALL,1,0.0
189.0,189.94000244140625,188.25,189.2100067138672,1778300.0,ALL,1,0.0
189.13999938964844,189.6300048828125,186.4600067138672,186.57000732421875,1207200.0,ALL,1,0.0
187.38999938964844,189.75999450683594,187.38999938964844,189.44000244140625,1469100.0,ALL,1,0.0
195.0,195.10000610351562,185.6199951171875,186.52000427246094,3914800.0,ALL,1,0.0
186.14999389648438,187.52999877929688,183.75,184.14999389648438,1533700.0,ALL,1,0.0
185.17999267578125,185.17999267578125,182.00999450683594,182.3699951171875,1431200.0,ALL,1,0.0
182.52999877929688,185.49000549316406,181.24000549316406,185.05999755859375,1626500.0,ALL,1,0.0
195.19000244140625,195.19000244140625,186.94000244140625,188.7899932861328,2349500.0,ALL,1,0.0
189.60000610351562,191.1999969482422,186.86000061035156,190.5500030517578,1282300.0,ALL,1,0.0
193.50999450683594,198.55999755859375,191.75,196.89999389648438,2018600.0,ALL,1,0.0
197.99000549316406,201.0,197.1699981689453,197.52000427246094,1339700.0,ALL,1,0.0
197.6300048828125,199.22000122070312,196.57000732421875,198.10000610351562,959600.0,ALL,1,0.0
198.0,199.75,196.99000549316406,197.3000030517578,1128100.0,ALL,1,0.0
196.72000122070312,197.91000366210938,194.9600067138672,195.77999877929688,953100.0,ALL,1,0.0
196.02000427246094,198.4199981689453,196.02000427246094,196.8800048828125,1397400.0,ALL,1,0.0
196.6199951171875,200.07000732421875,196.3800048828125,199.97000122070312,1108700.0,ALL,1,0.0
198.88999938964844,199.5,196.35000610351562,196.60000610351562,1134400.0,ALL,1,0.0
197.6999969482422,198.6300048828125,196.13999938964844,197.2899932861328,983200.0,ALL,1,0.0
199.63999938964844,200.8699951171875,197.8800048828125,200.76499938964844,554366.0,ALL,1,0.0
168.1699981689453,169.7899932861328,163.82000732421875,164.08999633789062,955900.0,AN,1,0.0
163.1199951171875,163.99000549316406,161.4499969482422,161.75999450683594,345800.0,AN,1,0.0
161.80999755859375,163.97000122070312,160.9499969482422,162.0,649300.0,AN,1,0.0
163.6699981689453,164.05999755859375,161.25999450683594,163.1999969482422,737200.0,AN,1,0.0
157.77000427246094,162.10000610351562,151.3000030517578,155.8300018310547,1365700.0,AN,1,0.0
156.0,159.55999755859375,155.27000427246094,158.02999877929688,909000.0,AN,1,0.0
156.60000610351562,158.25999450683594,154.8699951171875,157.2100067138672,541800.0,AN,1,0.0
156.77999877929688,161.77000427246094,156.69000244140625,159.13999938964844,574200.0,AN,1,0.0
158.88999938964844,160.2100067138672,155.1699981689453,155.47000122070312,494900.0,AN,1,0.0
156.0399932861328,159.3699951171875,155.4199981689453,156.25,452900.0,AN,1,0.0
155.6300048828125,162.5800018310547,155.5,159.33999633789062,560600.0,AN,1,0.0
157.6300048828125,161.42999267578125,157.6300048828125,161.1300048828125,295800.0,AN,1,0.0
167.38999938964844,170.22000122070312,166.8000030517578,168.99000549316406,966300.0,AN,1,0.0
168.88999938964844,169.3300018310547,165.77999877929688,167.0,426200.0,AN,1,0.0
167.0,167.0,163.58999633789062,164.38999938964844,602400.0,AN,1,0.0
165.85000610351562,170.1199951171875,165.4499969482422,168.0399932861328,545100.0,AN,1,0.0
167.30999755859375,167.4499969482422,164.74000549316406,164.97999572753906,399100.0,AN,1,0.0
166.67999267578125,167.75,165.47999572753906,167.05999755859375,275100.0,AN,1,0.0
167.49000549316406,169.1699981689453,165.5500030517578,166.97000122070312,390500.0,AN,1,0.0
167.88999938964844,167.88999938964844,164.11000061035156,164.8000030517578,269900.0,AN,1,0.0
164.83999633789062,167.5800018310547,164.25999450683594,164.27000427246094,285700.0,AN,1,0.0
162.16000366210938,165.22000122070312,161.6199951171875,164.8300018310547,372800.0,AN,1,0.0
163.80999755859375,165.47000122070312,163.35000610351562,164.85000610351562,439600.0,AN,1,0.0
166.8800048828125,171.5800018310547,166.27999877929688,170.39500427246094,114489.0,AN,1,0.0
2.6700000762939453,2.7300000190734863,2.6700000762939453,2.700000047683716,49500.0,BEST,1,1.0
2.6700000762939453,2.7300000190734863,2.6700000762939453,2.700000047683716,18800.0,BEST,1,1.0
2.7019999027252197,2.7300000190734863,2.700000047683716,2.7300000190734863,5400.0,BEST,1,1.0
2.697999954223633,2.700000047683716,2.690000057220459,2.700000047683716,1500.0,BEST,1,1.0
2.690000057220459,2.7200000286102295,2.680000066757202,2.700000047683716,20800.0,BEST,1,1.0
2.700000047683716,2.7100000381469727,2.690000057220459,2.690000057220459,19800.0,BEST,1,1.0
2.690000057220459,2.7100000381469727,2.690000057220459,2.7100000381469727,8500.0,BEST,1,1.0
2.694999933242798,2.7100000381469727,2.690000057220459,2.7100000381469727,6200.0,BEST,1,1.0
2.7100000381469727,2.7200000286102295,2.700000047683716,2.7100000381469727,4300.0,BEST,1,1.0
2.7100000381469727,2.7100000381469727,2.700000047683716,2.700000047683716,3600.0,BEST,1,1.0
2.7200000286102295,2.7200000286102295,2.700000047683716,2.7100000381469727,8400.0,BEST,1,1.0
2.7100000381469727,2.7100000381469727,2.700000047683716,2.700000047683716,2000.0,BEST,1,1.0
2.700000047683716,2.7100000381469727,2.700000047683716,2.700000047683716,6200.0,BEST,1,1.0
2.700000047683716,2.7209999561309814,2.680000066757202,2.7100000381469727,29100.0,BEST,1,1.0
2.700000047683716,2.7100000381469727,2.700000047683716,2.7049999237060547,11300.0,BEST,1,1.0
2.680000066757202,2.7160000801086426,2.680000066757202,2.700000047683716,4000.0,BEST,1,1.0
2.700000047683716,2.700000047683716,2.684999942779541,2.690999984741211,3700.0,BEST,1,1.0
2.690000057220459,2.690000057220459,2.680000066757202,2.690000057220459,8400.0,BEST,1,1.0
2.690000057220459,2.694000005722046,2.690000057220459,2.694000005722046,3600.0,BEST,1,1.0
2.6700000762939453,2.700000047683716,2.6700000762939453,2.684999942779541,11700.0,BEST,1,1.0
2.5999999046325684,2.690000057220459,2.5999999046325684,2.680000066757202,4500.0,BEST,1,1.0
2.6600000858306885,2.690000057220459,2.6500000953674316,2.680000066757202,39800.0,BEST,1,1.0
2.680000066757202,2.680000066757202,2.6700000762939453,2.678999900817871,9300.0,BEST,1,1.0
2.670099973678589,2.670099973678589,2.6500000953674316,2.6500000953674316,20638.0,BEST,1,1.0
28.530000686645508,28.530000686645508,28.34000015258789,28.381999969482422,2600.0,TIME,1,1.0
28.299999237060547,28.457000732421875,28.299999237060547,28.457000732421875,6700.0,TIME,1,1.0
28.299999237060547,28.299999237060547,27.969999313354492,28.02899932861328,4300.0,TIME,1,1.0
28.079999923706055,28.18199920654297,28.079999923706055,28.18199920654297,17400.0,TIME,1,1.0
28.25,28.350000381469727,28.195999145507812,28.195999145507812,44100.0,TIME,1,1.0
28.329999923706055,28.440000534057617,28.299999237060547,28.360000610351562,37800.0,TIME,1,1.0
28.388999938964844,28.59000015258789,28.375,28.533000946044922,26600.0,TIME,1,1.0
28.3700008392334,28.3799991607666,28.207000732421875,28.207000732421875,7000.0,TIME,1,1.0
27.350000381469727,27.350000381469727,27.225000381469727,27.327999114990234,3800.0,TIME,1,1.0
27.434999465942383,27.565000534057617,27.389999389648438,27.43899917602539,11100.0,TIME,1,1.0
27.280000686645508,27.422000885009766,27.280000686645508,27.315000534057617,1900.0,TIME,1,1.0
27.399999618530273,27.950000762939453,27.399999618530273,27.950000762939453,8100.0,TIME,1,1.0
28.549999237060547,28.989999771118164,28.375,28.9689998626709,7400.0,TIME,1,1.0
29.09000015258789,29.440000534057617,29.045000076293945,29.3700008392334,51600.0,TIME,1,1.0
29.350000381469727,29.829999923706055,29.350000381469727,29.702999114990234,18400.0,TIME,1,1.0
30.3700008392334,30.389999389648438,30.139999389648438,30.187999725341797,26800.0,TIME,1,1.0
30.209999084472656,30.209999084472656,29.94499969482422,30.0049991607666,4000.0,TIME,1,1.0
30.229999542236328,30.3700008392334,29.829999923706055,29.829999923706055,11900.0,TIME,1,1.0
29.93000030517578,29.93000030517578,29.55500030517578,29.55500030517578,8500.0,TIME,1,1.0
29.520000457763672,29.540000915527344,29.25,29.448999404907227,8200.0,TIME,1,1.0
29.709999084472656,30.020000457763672,29.65999984741211,29.875,15000.0,TIME,1,1.0
29.780000686645508,30.274999618530273,29.71500015258789,30.274999618530273,76900.0,TIME,1,1.0
30.329999923706055,30.329999923706055,30.165000915527344,30.323999404907227,2300.0,TIME,1,1.0
30.39859962463379,30.489999771118164,30.39859962463379,30.412200927734375,922.0,TIME,1,1.0
